name,pdg_id,charge,mass_mev,mass_err_mev,width_mev,width_err_mev,is_stable,nf,mass_calc_mev,error_pct,factorization,residual_p,is_3_smooth,quarks,I,J,P,C,configuracion,familia,categoria
pi+,211,+,139.57038999999997,0.00017999999999999998,2.5284e-14,4.9999999999999996e-18,1,273,139.5027122853,0.048490023349495925,2^0 · 3^1 · 91,91,False,u|d,1,0,-1,,"L=0, S=0",meson_pseudoscalar,PSEUDOSCALAR
pi0,111,0,134.9768,0.0005,7.81e-06,1.2e-07,0,264,134.90372177039998,0.054141326213107965,2^3 · 3^1 · 11,11,False,u|d,1,0,-1,1,"L=0, S=0",meson_pseudoscalar,PSEUDOSCALAR
eta0,221,0,547.862,0.017,0.00131,4.9999999999999996e-05,0,1072,547.7908702192,0.012983156488311411,2^4 · 3^0 · 67,67,False,u|d|s,0,0,-1,1,"L=0, S=0",meson_pseudoscalar,PSEUDOSCALAR
f(0)(500)0,9000221,0,600.0,200.0,450.0,350.0,0,1174,599.9127627214,0.014539546433335696,2^1 · 3^0 · 587,587,False,compuesto,?,?,?,,Excited,resonance,RESONANCE
rho(770)0,113,0,775.26,0.23,147.4,0.8,0,1517,775.1854012337,0.00962241909811261,1517,1517,False,u|d,1,1,-1,1,"L=0, S=1",meson_vector,VECTOR
rho(770)+,213,+,775.11,0.34,149.10000000000002,0.8,0,1517,775.1854012337,0.009727810723632702,1517,1517,False,u|d,1,1,-1,,"L=0, S=1",meson_vector,VECTOR
omega(782)0,223,0,782.66,0.12999999999999998,8.68,0.12999999999999998,0,1532,782.8503854252,0.02432543188613448,2^2 · 3^0 · 383,383,False,u|d,0,1,-1,-1,"L=0, S=1",meson_vector,VECTOR
eta'(958)0,331,0,957.78,0.060000000000000005,0.188,0.006,0,1874,957.6120249914,0.01753795324605066,2^1 · 3^0 · 937,937,False,u|d|s,0,0,-1,1,"L=0, S=0",meson_pseudoscalar,PSEUDOSCALAR
f(0)(980)0,9010221,0,990.0,20.0,60.0,50.0,0,1937,989.8049585956999,0.019701151949507816,1937,1937,False,compuesto,?,?,?,,Excited,resonance,RESONANCE
a(0)(980)0,9000111,0,980.0,20.0,75.0,25.0,0,1918,980.0959786197999,0.009793736714274873,2^1 · 3^0 · 959,959,False,compuesto,?,?,?,,Excited,resonance,RESONANCE
a(0)(980)+,9000211,+,980.0,20.0,75.0,25.0,0,1918,980.0959786197999,0.009793736714274873,2^1 · 3^0 · 959,959,False,compuesto,?,?,?,,Excited,resonance,RESONANCE
phi(1020)0,333,0,1019.46,0.016,4.2490000000000006,0.013,0,1995,1019.4428974694999,0.0016776068212677978,2^0 · 3^1 · 665,665,False,s|s,0,1,-1,-1,"L=0, S=1",meson_vector,VECTOR
h(1)(1170)0,10223,0,1166.0,6.0,375.0,35.0,0,2282,1166.0995950002,0.008541595214407996,2^1 · 3^0 · 1141,1141,False,compuesto,?,?,?,,Excited,resonance,RESONANCE
b(1)(1235)0,10113,0,1229.5,3.2,142.0,9.0,0,2406,1229.4634643165998,0.0029715887271401908,2^1 · 3^1 · 401,401,False,compuesto,?,?,?,,Excited,resonance,RESONANCE
b(1)(1235)+,10213,+,1229.5,3.2,142.0,9.0,0,2406,1229.4634643165998,0.0029715887271401908,2^1 · 3^1 · 401,401,False,compuesto,?,?,?,,Excited,resonance,RESONANCE
a(1)(1260)0,20113,0,1230.0,40.0,420.0,180.0,0,2407,1229.9744632626998,0.002076157504079009,2407,2407,False,compuesto,?,?,?,,Excited,resonance,RESONANCE
a(1)(1260)+,20213,+,1230.0,40.0,420.0,180.0,0,2407,1229.9744632626998,0.002076157504079009,2407,2407,False,compuesto,?,?,?,,Excited,resonance,RESONANCE
f(2)(1270)0,225,0,1275.4,0.8,186.6,2.8,0,2496,1275.4533694656,0.004184527646218562,2^6 · 3^1 · 13,13,False,compuesto,?,?,?,,Excited,resonance,RESONANCE
f(1)(1285)0,20223,0,1281.8,0.5,23.0,1.0,0,2508,1281.5853568188,0.01674545024184876,2^2 · 3^1 · 209,209,False,compuesto,?,?,?,,Excited,resonance,RESONANCE
eta(1295)0,100221,0,1294.0,4.0,55.0,5.0,0,2532,1293.8493315252,0.011643622472960856,2^2 · 3^1 · 211,211,False,u|d|s,0,0,-1,1,"L=0, S=0",meson_pseudoscalar,PSEUDOSCALAR
pi(1300)0,100111,0,1300.0,100.0,400.0,200.0,0,2544,1299.9813188783999,0.0014370093538568305,2^4 · 3^1 · 53,53,False,u|d,1,0,-1,1,"L=0, S=0",meson_pseudoscalar,PSEUDOSCALAR
pi(1300)+,100211,+,1300.0,100.0,400.0,200.0,0,2544,1299.9813188783999,0.0014370093538568305,2^4 · 3^1 · 53,53,False,u|d,1,0,-1,,"L=0, S=0",meson_pseudoscalar,PSEUDOSCALAR
a(2)(1320)0,115,0,1318.2,0.6,107.0,5.0,0,2580,1318.377280938,0.013448713245332053,2^2 · 3^1 · 215,215,False,compuesto,?,?,?,,Excited,resonance,RESONANCE
a(2)(1320)+,215,+,1318.2,0.6,107.0,5.0,0,2580,1318.377280938,0.013448713245332053,2^2 · 3^1 · 215,215,False,compuesto,?,?,?,,Excited,resonance,RESONANCE
f(0)(1370)0,10221,0,1350.0,150.0,350.0,150.0,0,2642,1350.0592155962,0.004386340459253309,2^1 · 3^0 · 1321,1321,False,compuesto,?,?,?,,Excited,resonance,RESONANCE
eta(1405)0,9020221,0,1408.0,1.5,49.8,2.3,0,2755,1407.8020965055,0.014055645916192945,2755,2755,False,u|d|s,0,0,-1,1,"L=0, S=0",meson_pseudoscalar,PSEUDOSCALAR
h(1)(1415)0,10333,0,1409.0,8.5,78.0,11.0,0,2757,1408.8240943976998,0.012484428836067448,2^0 · 3^1 · 919,919,False,compuesto,?,?,?,,Excited,resonance,RESONANCE
f(1)(1420)0,20333,0,1427.7,1.5499999999999998,55.4,3.2,0,2794,1427.7310554034,0.0021752051131142675,2^1 · 3^0 · 1397,1397,False,compuesto,?,?,?,,Excited,resonance,RESONANCE
omega(1420)0,100223,0,1410.0,60.0,290.0,190.0,0,2759,1409.8460922898998,0.010915440432635226,2759,2759,False,u|d,0,1,-1,-1,"L=0, S=1",meson_vector,VECTOR
a(0)(1450)0,10111,0,1439.0,34.0,258.0,14.0,0,2816,1438.9730322176,0.0018740641000768896,2^8 · 3^0 · 11,11,False,compuesto,?,?,?,,Excited,resonance,RESONANCE
a(0)(1450)+,10211,+,1439.0,34.0,258.0,14.0,0,2816,1438.9730322176,0.0018740641000768896,2^8 · 3^0 · 11,11,False,compuesto,?,?,?,,Excited,resonance,RESONANCE
rho(1450)0,100113,0,1465.0,25.0,400.0,60.0,0,2867,1465.0339784686998,0.002319349399306674,2867,2867,False,u|d,1,1,-1,1,"L=0, S=1",meson_vector,VECTOR
rho(1450)+,100213,+,1465.0,25.0,400.0,60.0,0,2867,1465.0339784686998,0.002319349399306674,2867,2867,False,u|d,1,1,-1,,"L=0, S=1",meson_vector,VECTOR
eta(1475)0,100331,0,1476.0,4.0,96.0,9.0,0,2888,1475.7649563368,0.015924367425476357,2^3 · 3^0 · 361,361,False,u|d|s,0,0,-1,1,"L=0, S=0",meson_pseudoscalar,PSEUDOSCALAR
f(0)(1500)0,9030221,0,1522.0,25.0,108.0,33.0,0,2978,1521.7548614858,0.01610634127464568,2^1 · 3^0 · 1489,1489,False,compuesto,?,?,?,,Excited,resonance,RESONANCE
f(2)'(1525)0,335,0,1517.3000000000002,2.4,72.0,7.0,0,2969,1517.1558709709,0.009499046272998964,2969,2969,False,compuesto,?,?,?,,Excited,resonance,RESONANCE
f(2)(1565)0,9010225,0,1571.0,13.0,133.0,23.0,0,3074,1570.8107603114,0.012045810859330519,2^1 · 3^0 · 1537,1537,False,compuesto,?,?,?,,Excited,resonance,RESONANCE
pi(1)(1600)0,9010113,0,1645.0,28.5,370.0,50.0,0,3219,1644.9056074958999,0.005738146145905295,2^0 · 3^1 · 1073,1073,False,u|d,1,0,-1,1,"L=0, S=0",meson_pseudoscalar,PSEUDOSCALAR
pi(1)(1600)+,9010213,+,1645.0,28.5,370.0,50.0,0,3219,1644.9056074958999,0.005738146145905295,2^0 · 3^1 · 1073,1073,False,u|d,1,0,-1,,"L=0, S=0",meson_pseudoscalar,PSEUDOSCALAR
a(1)(1640)0,9020113,0,1655.0,16.0,250.0,40.0,0,3239,1655.1255864179,0.007588303196372644,3239,3239,False,compuesto,?,?,?,,Excited,resonance,RESONANCE
a(1)(1640)+,9020213,+,1655.0,16.0,250.0,40.0,0,3239,1655.1255864179,0.007588303196372644,3239,3239,False,compuesto,?,?,?,,Excited,resonance,RESONANCE
eta(2)(1645)0,10225,0,1617.0,5.0,181.0,11.0,0,3164,1616.8006654603998,0.012327429783559597,2^2 · 3^0 · 791,791,False,u|d|s,0,0,-1,1,"L=0, S=0",meson_pseudoscalar,PSEUDOSCALAR
omega(1650)0,30223,0,1670.0,30.0,150.0,50.0,0,3268,1669.9445558547998,0.0033200086946243447,2^2 · 3^0 · 817,817,False,u|d,0,1,-1,-1,"L=0, S=1",meson_vector,VECTOR
omega(3)(1670)0,227,0,1667.0,4.0,168.0,10.0,0,3262,1666.8785621782,0.0072848123455369045,2^1 · 3^0 · 1631,1631,False,u|d,0,1,-1,-1,"L=0, S=1",meson_vector,VECTOR
pi(2)(1670)0,10115,0,1670.6000000000001,2.05,258.0,8.0,0,3269,1670.4555548008998,0.008646306662297746,3269,3269,False,u|d,1,0,-1,1,"L=0, S=0",meson_pseudoscalar,PSEUDOSCALAR
pi(2)(1670)+,10215,+,1670.6000000000001,2.05,258.0,8.0,0,3269,1670.4555548008998,0.008646306662297746,3269,3269,False,u|d,1,0,-1,,"L=0, S=0",meson_pseudoscalar,PSEUDOSCALAR
phi(1680)0,100333,0,1680.0,20.0,150.0,50.0,0,3288,1680.1645347767999,0.00979373671427874,2^3 · 3^1 · 137,137,False,s|s,0,1,-1,-1,"L=0, S=1",meson_vector,VECTOR
rho(3)(1690)0,117,0,1688.8000000000002,2.1,161.0,10.0,0,3305,1688.8515168605,0.0030505009770108826,3305,3305,False,u|d,1,1,-1,1,"L=0, S=1",meson_vector,VECTOR
rho(3)(1690)+,217,+,1688.8000000000002,2.1,161.0,10.0,0,3305,1688.8515168605,0.0030505009770108826,3305,3305,False,u|d,1,1,-1,,"L=0, S=1",meson_vector,VECTOR
rho(1700)0,30113,0,1720.0,20.0,250.0,100.0,0,3366,1720.0224525725998,0.001305382127897204,2^1 · 3^2 · 187,187,False,u|d,1,1,-1,1,"L=0, S=1",meson_vector,VECTOR
rho(1700)+,30213,+,1720.0,20.0,250.0,100.0,0,3366,1720.0224525725998,0.001305382127897204,2^1 · 3^2 · 187,187,False,u|d,1,1,-1,,"L=0, S=1",meson_vector,VECTOR
a(2)(1700)0,9000115,0,1706.0,14.0,380.0,60.0,0,3339,1706.2254810278998,0.01321694184641454,2^0 · 3^2 · 371,371,False,compuesto,?,?,?,,Excited,resonance,RESONANCE
a(2)(1700)+,9000215,+,1706.0,14.0,380.0,60.0,0,3339,1706.2254810278998,0.01321694184641454,2^0 · 3^2 · 371,371,False,compuesto,?,?,?,,Excited,resonance,RESONANCE
f(0)(1710)0,10331,0,1723.0,6.5,149.0,10.0,0,3372,1723.0884462492,0.005133270412068075,2^2 · 3^1 · 281,281,False,compuesto,?,?,?,,Excited,resonance,RESONANCE
pi(1800)0,9010111,0,1810.0,10.0,215.0,7.0,0,3542,1809.9582670861998,0.0023056858453127365,2^1 · 3^0 · 1771,1771,False,u|d,1,0,-1,1,"L=0, S=0",meson_pseudoscalar,PSEUDOSCALAR
pi(1800)+,9010211,+,1810.0,10.0,215.0,7.0,0,3542,1809.9582670861998,0.0023056858453127365,2^1 · 3^0 · 1771,1771,False,u|d,1,0,-1,,"L=0, S=0",meson_pseudoscalar,PSEUDOSCALAR
phi(3)(1850)0,337,0,1854.0,7.0,87.0,28.0,0,3628,1853.9041764508,0.005168476224383859,2^2 · 3^0 · 907,907,False,s|s,0,1,-1,-1,"L=0, S=1",meson_vector,VECTOR
eta(2)(1870)0,10335,0,1842.0,8.0,225.0,14.0,0,3605,1842.1512006904998,0.008208506541789543,3605,3605,False,u|d|s,0,0,-1,1,"L=0, S=0",meson_pseudoscalar,PSEUDOSCALAR
f(2)(1950)0,9050225,0,1936.0,12.0,464.0,24.0,0,3789,1936.1750067729,0.009039606038218266,2^0 · 3^2 · 421,421,False,compuesto,?,?,?,,Excited,resonance,RESONANCE
a(4)(1970)0,119,0,1967.0,16.0,324.0,15.0,0,3849,1966.8349435388998,0.00839127916117036,2^0 · 3^1 · 1283,1283,False,compuesto,?,?,?,,Excited,resonance,RESONANCE
a(4)(1970)+,219,+,1967.0,16.0,324.0,15.0,0,3849,1966.8349435388998,0.00839127916117036,2^0 · 3^1 · 1283,1283,False,compuesto,?,?,?,,Excited,resonance,RESONANCE
f(2)(2010)0,9060225,0,2009.9999999999998,70.0,200.0,60.0,0,3933,2009.7588550112998,0.011997263119400175,2^0 · 3^2 · 437,437,False,compuesto,?,?,?,,Excited,resonance,RESONANCE
f(0)(2020)0,9050221,0,1982.0,26.5,440.0,50.0,0,3879,1982.1649119218998,0.008320480418760313,2^0 · 3^2 · 431,431,False,compuesto,?,?,?,,Excited,resonance,RESONANCE
f(4)(2050)0,229,0,2017.9999999999998,11.0,237.0,18.0,0,3949,2017.9348381488999,0.0032290312735332744,3949,3949,False,compuesto,?,?,?,,Excited,resonance,RESONANCE
f(2)(2150)0,9070225,0,2157.0,12.0,152.0,30.0,0,4221,2156.9265514881,0.0034051234075149046,2^0 · 3^2 · 469,469,False,compuesto,?,?,?,,Excited,resonance,RESONANCE
f(2)(2300)0,9080225,0,2297.0,28.0,150.0,40.0,0,4495,2296.9402627195,0.0026006652372673254,4495,4495,False,compuesto,?,?,?,,Excited,resonance,RESONANCE
f(2)(2340)0,9090225,0,2346.0,15.5,331.0,27.0,0,4591,2345.9961615450998,0.00016361700341999344,4591,4591,False,compuesto,?,?,?,,Excited,resonance,RESONANCE
K+,321,+,493.67699999999996,0.015000000000000001,5.317e-14,9.000000000000001e-17,1,966,493.62498193259995,0.010536862645011419,2^1 · 3^1 · 161,161,False,u|s,0.5,0,-1,,"L=0, S=0",meson_pseudoscalar,PSEUDOSCALAR
K0,311,0,497.61100000000005,0.013,0.0,0.0,1,974,497.7129735014,0.020492613989627484,2^1 · 3^0 · 487,487,False,u|s,0.5,0,-1,,"L=0, S=0",meson_pseudoscalar,PSEUDOSCALAR
K(S)0,310,0,497.61100000000005,0.013,7.350799999999999e-12,2.8999999999999998e-15,1,974,497.7129735014,0.020492613989627484,2^1 · 3^0 · 487,487,False,u|s,0.5,0,-1,,"L=0, S=0",meson_pseudoscalar,PSEUDOSCALAR
K(L)0,130,0,497.61100000000005,0.013,1.287e-14,5e-17,1,974,497.7129735014,0.020492613989627484,2^1 · 3^0 · 487,487,False,u|s,0.5,0,-1,,"L=0, S=0",meson_pseudoscalar,PSEUDOSCALAR
K(0)*(700)0,9000311,0,838.0,11.0,463.0,27.0,0,1640,838.038271604,0.004567017183769421,2^3 · 3^0 · 205,205,False,u|s,0.5,0,-1,,"L=0, S=0",meson_pseudoscalar,PSEUDOSCALAR
K(0)*(700)+,9000321,+,838.0,11.0,463.0,27.0,0,1640,838.038271604,0.004567017183769421,2^3 · 3^0 · 205,205,False,u|s,0.5,0,-1,,"L=0, S=0",meson_pseudoscalar,PSEUDOSCALAR
K*(892)0,313,0,895.5600000000001,0.2,47.1,0.5,0,1753,895.7811525133,0.024694326823428762,1753,1753,False,u|s,0.5,0,-1,,"L=0, S=0",meson_pseudoscalar,PSEUDOSCALAR
K*(892)+,323,+,891.88,0.23,48.5,1.2,0,1745,891.6931609444999,0.02094890069292492,1745,1745,False,u|s,0.5,0,-1,,"L=0, S=0",meson_pseudoscalar,PSEUDOSCALAR
K(1)(1270)0,10313,0,1256.0,6.0,90.0,20.0,0,2458,1256.0354095138,0.002819228805732865,2^1 · 3^0 · 1229,1229,False,u|s,0.5,0,-1,,"L=0, S=0",meson_pseudoscalar,PSEUDOSCALAR
K(1)(1270)+,10323,+,1256.0,6.0,90.0,20.0,0,2458,1256.0354095138,0.002819228805732865,2^1 · 3^0 · 1229,1229,False,u|s,0.5,0,-1,,"L=0, S=0",meson_pseudoscalar,PSEUDOSCALAR
K(1)(1400)0,20313,0,1403.0,7.0,174.0,13.0,0,2746,1403.2031059905999,0.014476549579461994,2^1 · 3^0 · 1373,1373,False,u|s,0.5,0,-1,,"L=0, S=0",meson_pseudoscalar,PSEUDOSCALAR
K(1)(1400)+,20323,+,1403.0,7.0,174.0,13.0,0,2746,1403.2031059905999,0.014476549579461994,2^1 · 3^0 · 1373,1373,False,u|s,0.5,0,-1,,"L=0, S=0",meson_pseudoscalar,PSEUDOSCALAR
K*(1410)0,100313,0,1414.0,15.0,232.0,21.0,0,2767,1413.9340838587,0.0046616790169746805,2767,2767,False,u|s,0.5,0,-1,,"L=0, S=0",meson_pseudoscalar,PSEUDOSCALAR
K*(1410)+,100323,+,1414.0,15.0,232.0,21.0,0,2767,1413.9340838587,0.0046616790169746805,2767,2767,False,u|s,0.5,0,-1,,"L=0, S=0",meson_pseudoscalar,PSEUDOSCALAR
K(0)*(1430)0,10311,0,1430.0,50.0,270.0,80.0,0,2798,1429.7750511877998,0.015730686167844905,2^1 · 3^0 · 1399,1399,False,u|s,0.5,0,-1,,"L=0, S=0",meson_pseudoscalar,PSEUDOSCALAR
K(0)*(1430)+,10321,+,1430.0,50.0,270.0,80.0,0,2798,1429.7750511877998,0.015730686167844905,2^1 · 3^0 · 1399,1399,False,u|s,0.5,0,-1,,"L=0, S=0",meson_pseudoscalar,PSEUDOSCALAR
K(2)*(1430)0,315,0,1432.3999999999999,1.3,109.0,5.0,0,2803,1432.3300459183,0.004883697409938672,2803,2803,False,u|s,0.5,0,-1,,"L=0, S=0",meson_pseudoscalar,PSEUDOSCALAR
K(2)*(1430)+,325,+,1427.3,1.5,100.0,2.2,0,2793,1427.2200564573,0.00560103290828792,2^0 · 3^1 · 931,931,False,u|s,0.5,0,-1,,"L=0, S=0",meson_pseudoscalar,PSEUDOSCALAR
K(1)(1650)0,9000313,0,1650.0,50.0,150.0,50.0,0,3229,1650.0155969568998,0.0009452701151393271,3229,3229,False,u|s,0.5,0,-1,,"L=0, S=0",meson_pseudoscalar,PSEUDOSCALAR
K(1)(1650)+,9000323,+,1650.0,50.0,150.0,50.0,0,3229,1650.0155969568998,0.0009452701151393271,3229,3229,False,u|s,0.5,0,-1,,"L=0, S=0",meson_pseudoscalar,PSEUDOSCALAR
K*(1680)0,30313,0,1718.0,18.0,320.0,110.0,0,3362,1717.9784567881998,0.0012539704191056717,2^1 · 3^0 · 1681,1681,False,u|s,0.5,0,-1,,"L=0, S=0",meson_pseudoscalar,PSEUDOSCALAR
K*(1680)+,30323,+,1718.0,18.0,320.0,110.0,0,3362,1717.9784567881998,0.0012539704191056717,2^1 · 3^0 · 1681,1681,False,u|s,0.5,0,-1,,"L=0, S=0",meson_pseudoscalar,PSEUDOSCALAR
K(2)(1770)0,10315,0,1773.0,8.0,186.0,14.0,0,3470,1773.1663429669998,0.00938200603495567,2^1 · 3^0 · 1735,1735,False,u|s,0.5,0,-1,,"L=0, S=0",meson_pseudoscalar,PSEUDOSCALAR
K(2)(1770)+,10325,+,1773.0,8.0,186.0,14.0,0,3470,1773.1663429669998,0.00938200603495567,2^1 · 3^0 · 1735,1735,False,u|s,0.5,0,-1,,"L=0, S=0",meson_pseudoscalar,PSEUDOSCALAR
K(3)*(1780)0,317,0,1779.0,8.0,161.0,17.0,0,3481,1778.7873313741,0.011954391562678513,3481,3481,False,u|s,0.5,0,-1,,"L=0, S=0",meson_pseudoscalar,PSEUDOSCALAR
K(3)*(1780)+,327,+,1779.0,8.0,161.0,17.0,0,3481,1778.7873313741,0.011954391562678513,3481,3481,False,u|s,0.5,0,-1,,"L=0, S=0",meson_pseudoscalar,PSEUDOSCALAR
K(2)(1820)0,20315,0,1819.0,12.0,264.0,34.0,0,3560,1819.156248116,0.008589780978554985,2^3 · 3^0 · 445,445,False,u|s,0.5,0,-1,,"L=0, S=0",meson_pseudoscalar,PSEUDOSCALAR
K(2)(1820)+,20325,+,1819.0,12.0,264.0,34.0,0,3560,1819.156248116,0.008589780978554985,2^3 · 3^0 · 445,445,False,u|s,0.5,0,-1,,"L=0, S=0",meson_pseudoscalar,PSEUDOSCALAR
K(0)*(1950)0,9020311,0,1957.0,14.0,170.0,50.0,0,3830,1957.125963563,0.006436564282059982,2^1 · 3^0 · 1915,1915,False,u|s,0.5,0,-1,,"L=0, S=0",meson_pseudoscalar,PSEUDOSCALAR
K(0)*(1950)+,9020321,+,1957.0,14.0,170.0,50.0,0,3830,1957.125963563,0.006436564282059982,2^1 · 3^0 · 1915,1915,False,u|s,0.5,0,-1,,"L=0, S=0",meson_pseudoscalar,PSEUDOSCALAR
K(2)*(1980)0,9010315,0,1990.0,55.0,348.0,50.0,0,3894,1989.8298961133999,0.008547934000007307,2^1 · 3^1 · 649,649,False,u|s,0.5,0,-1,,"L=0, S=0",meson_pseudoscalar,PSEUDOSCALAR
K(2)*(1980)+,9010325,+,1990.0,55.0,348.0,50.0,0,3894,1989.8298961133999,0.008547934000007307,2^1 · 3^1 · 649,649,False,u|s,0.5,0,-1,,"L=0, S=0",meson_pseudoscalar,PSEUDOSCALAR
K(4)*(2045)0,319,0,2048.0,8.5,199.0,27.0,0,4008,2048.0837759687997,0.0040906234765492044,2^3 · 3^1 · 167,167,False,u|s,0.5,0,-1,,"L=0, S=0",meson_pseudoscalar,PSEUDOSCALAR
K(4)*(2045)+,329,+,2048.0,8.5,199.0,27.0,0,4008,2048.0837759687997,0.0040906234765492044,2^3 · 3^1 · 167,167,False,u|s,0.5,0,-1,,"L=0, S=0",meson_pseudoscalar,PSEUDOSCALAR
D+,411,+,1869.66,0.05,6.37e-10,2.9e-12,1,3659,1869.7451437798998,0.004553971304926096,3659,3659,False,c|u,0.5,0,-1,,"L=0, S=0",charmed_meson,CHARMED_MESON
D0,421,0,1864.8400000000001,0.04,1.604e-09,4e-12,1,3649,1864.6351543188998,0.010984625013423318,3649,3649,False,c|u,0.5,0,-1,,"L=0, S=0",charmed_meson,CHARMED_MESON
D*(2007)0,423,0,2006.8600000000001,0.05,0.0,0.0,1,3927,2006.6928613347,0.008328366966314135,2^0 · 3^1 · 1309,1309,False,c|u,0.5,0,-1,,"L=0, S=0",charmed_meson,CHARMED_MESON
D*(2010)+,413,+,2010.2699999999998,0.04,0.08339999999999999,0.0018,0,3934,2010.2698539573998,7.264825118440266e-06,2^1 · 3^0 · 1967,1967,False,c|u,0.5,0,-1,,"L=0, S=0",charmed_meson,CHARMED_MESON
D(0)*(2300)0,10421,0,2343.0,10.0,229.0,16.0,0,4585,2342.9301678684997,0.0029804580239152396,4585,4585,False,c|u,0.5,0,-1,,"L=0, S=0",charmed_meson,CHARMED_MESON
D(0)*(2300)+,10411,+,2343.0,10.0,229.0,16.0,0,4585,2342.9301678684997,0.0029804580239152396,4585,4585,False,c|u,0.5,0,-1,,"L=0, S=0",charmed_meson,CHARMED_MESON
D(1)(2420)0,10423,0,2422.1,0.6,31.3,1.9,0,4740,2422.135004514,0.0014452134098454066,2^2 · 3^1 · 395,395,False,c|u,0.5,0,-1,,"L=0, S=0",charmed_meson,CHARMED_MESON
D(1)(2420)+,10413,+,2422.1,0.6,31.3,1.9,0,4740,2422.135004514,0.0014452134098454066,2^2 · 3^1 · 395,395,False,c|u,0.5,0,-1,,"L=0, S=0",charmed_meson,CHARMED_MESON
D(1)(2430)0,20423,0,2412.0,9.0,314.0,29.0,0,4720,2411.915025592,0.0035229854063062757,2^4 · 3^0 · 295,295,False,c|u,0.5,0,-1,,"L=0, S=0",charmed_meson,CHARMED_MESON
D(2)*(2460)0,425,0,2461.1,0.8,47.300000000000004,0.8,0,4816,2460.9709244175997,0.005244629734680387,2^4 · 3^0 · 301,301,False,c|u,0.5,0,-1,,"L=0, S=0",charmed_meson,CHARMED_MESON
D(2)*(2460)+,415,+,2461.1,0.8,47.300000000000004,0.8,0,4816,2460.9709244175997,0.005244629734680387,2^4 · 3^0 · 301,301,False,c|u,0.5,0,-1,,"L=0, S=0",charmed_meson,CHARMED_MESON
D(s)+,431,+,1968.3500000000001,0.06999999999999999,1.313e-09,5.9999999999999995e-12,1,3852,1968.3679403771998,0.0009114424365429472,2^2 · 3^2 · 107,107,False,c|s,0,0,-1,,"L=0, S=0",charmed_meson,CHARMED_MESON
D(s)*+,433,+,2112.2000000000003,0.4,0.0,0.0,1,4133,2111.9586442313,0.011426747879011778,4133,4133,False,c|s,0,0,-1,,"L=0, S=0",charmed_meson,CHARMED_MESON
D(s0)*(2317)+,10431,+,2317.8,0.5,0.0,0.0,1,4536,2317.8912195096,0.0039356074553367785,2^3 · 3^4 · 7,7,False,c|u,0.5,0,-1,,"L=0, S=0",charmed_meson,CHARMED_MESON
D(s1)(2460)+,20433,+,2459.5,0.6,0.0,0.0,1,4813,2459.4379275793,0.0025237820979928066,4813,4813,False,c|u,0.5,0,-1,,"L=0, S=0",charmed_meson,CHARMED_MESON
D(s1)(2536)+,10433,+,2535.12,0.060000000000000005,0.92,0.05,0,4961,2535.0657716020996,0.0021390860353853254,4961,4961,False,c|u,0.5,0,-1,,"L=0, S=0",charmed_meson,CHARMED_MESON
D(s2)*(2573)+,435,+,2569.1000000000004,0.8,16.9,0.7,0,5028,2569.3027009907996,0.007889961106973565,2^2 · 3^1 · 419,419,False,c|u,0.5,0,-1,,"L=0, S=0",charmed_meson,CHARMED_MESON
B+,521,+,5279.410000000001,0.06999999999999999,4.0210000000000004e-10,1e-12,1,10332,5279.641111105199,0.004377593428026598,2^2 · 3^2 · 287,287,False,u|b,0.5,0,-1,,"L=0, S=0",bottom_meson,BOTTOM_MESON
B0,511,0,5279.72,0.08,4.355e-10,8e-13,1,10332,5279.641111105199,0.0014941870932722123,2^2 · 3^2 · 287,287,False,u|b,0.5,0,-1,,"L=0, S=0",bottom_meson,BOTTOM_MESON
B*0,513,0,5324.75,0.2,0.0,0.0,1,10420,5324.609018362,0.0026476668012598674,2^2 · 3^0 · 2605,2605,False,u|b,0.5,0,-1,,"L=0, S=0",bottom_meson,BOTTOM_MESON
B*+,523,+,5324.75,0.2,0.0,0.0,1,10420,5324.609018362,0.0026476668012598674,2^2 · 3^0 · 2605,2605,False,u|b,0.5,0,-1,,"L=0, S=0",bottom_meson,BOTTOM_MESON
B(2)*(5747)0,515,0,5739.6,0.7,24.2,1.7,0,11232,5739.5401625952,0.0010425361488678457,2^5 · 3^3 · 13,13,False,u|b,0.5,0,-1,,"L=0, S=0",bottom_meson,BOTTOM_MESON
B(2)*(5747)+,525,+,5737.3,0.7,20.0,5.0,0,11228,5737.4961668108,0.0034191485681365043,2^2 · 3^0 · 2807,2807,False,u|b,0.5,0,-1,,"L=0, S=0",bottom_meson,BOTTOM_MESON
B(s)0,531,0,5366.93,0.1,4.345e-10,1.7e-12,1,10503,5367.0219308883,0.0017129138688119665,2^0 · 3^3 · 389,389,False,s|b,0,0,-1,,"L=0, S=0",bottom_meson,BOTTOM_MESON
B(s)*0,533,0,5415.4,1.4,0.0,0.0,1,10598,5415.5668307678,0.003080673039851034,2^1 · 3^0 · 5299,5299,False,s|b,0,0,-1,,"L=0, S=0",bottom_meson,BOTTOM_MESON
B(s2)*(5840)0,535,0,5839.88,0.12000000000000001,1.49,0.27,0,11428,5839.6959560308,0.0031515025856781653,2^2 · 3^0 · 2857,2857,False,u|b,0.5,0,-1,,"L=0, S=0",bottom_meson,BOTTOM_MESON
B(c)+,541,+,6274.47,0.32,1.291e-09,2.3e-11,1,12279,6274.5560591619,0.0013715765937100137,2^0 · 3^1 · 4093,4093,False,c|b,0,0,-1,,"L=0, S=0",bottom_meson,BOTTOM_MESON
eta(c)(1S)0,441,0,2984.09,0.3,30.0,0.5,0,5840,2984.2338452239997,0.004820405014577504,2^4 · 3^0 · 365,365,False,u|d|s,0,0,-1,1,"L=0, S=0",meson_pseudoscalar,PSEUDOSCALAR
J/psi(1S)0,443,0,3096.9,0.006,0.0926,0.0017000000000000001,0,6060,3096.6536133659997,0.007955911847343256,2^2 · 3^1 · 505,505,False,c|c,0,1,-1,-1,"L=0, S=1",charmonium,CHARMONIUM
chi(c0)(1P)0,10441,0,3415.5,0.19,12.4,0.27,0,6684,3415.5169557323998,0.0004964348528697149,2^2 · 3^1 · 557,557,False,c|c,0,1,1,1,"L=1, S=1",charmonium,CHARMONIUM
chi(c1)(1P)0,20443,0,3510.67,0.05,0.82,0.04,0,6870,3510.5627597069997,0.0030546959127562287,2^1 · 3^1 · 1145,1145,False,c|c,0,1,1,1,"L=1, S=1",charmonium,CHARMONIUM
h(c)(1P)0,10443,0,3525.37,0.13999999999999999,0.78,0.27999999999999997,0,6899,3525.3817291438995,0.00033270674850097945,6899,6899,False,c|c,0,1,1,-1,"L=1, S=0",charmonium,CHARMONIUM
chi(c2)(1P)0,445,0,3556.1699999999996,0.06999999999999999,1.9400000000000002,0.09000000000000001,0,6959,3556.0416659098996,0.0036087726430400523,6959,6959,False,c|c,0,1,1,1,"L=1, S=1",charmonium,CHARMONIUM
eta(c)(2S)0,100441,0,3637.7999999999997,0.6,11.6,1.4,0,7119,3637.8014972858996,4.1159104399884e-05,2^0 · 3^2 · 791,791,False,u|d|s,0,0,-1,1,"L=0, S=0",meson_pseudoscalar,PSEUDOSCALAR
psi(2S)0,100443,0,3686.097,0.011,0.29300000000000004,0.009000000000000001,0,7214,3686.3463971653996,0.00676588720805195,2^1 · 3^0 · 3607,3607,False,c|c,0,1,-1,-1,"L=0, S=1",charmonium,CHARMONIUM
psi(3770)0,30443,0,3773.7,0.7,27.2,1.0,0,7385,3773.7272169484995,0.0007212271378143297,7385,7385,False,c|c,0,1,-1,-1,"L=0, S=1",charmonium,CHARMONIUM
chi(c2)(3930)0,100445,0,3922.5,1.0,35.2,2.2,0,7676,3922.4279102635996,0.0018378517884093729,2^2 · 3^0 · 1919,1919,False,c|c,0,1,1,1,"L=1, S=1",charmonium,CHARMONIUM
psi(4040)0,9000443,0,4040.0,4.0,85.0,12.0,0,7906,4039.9576678666,0.00104782508416146,2^1 · 3^0 · 3953,3953,False,c|c,0,1,-1,-1,"L=0, S=1",charmonium,CHARMONIUM
psi(4160)0,9010443,0,4191.0,5.0,69.0,10.0,0,8202,4191.213355912199,0.005090811553314339,2^1 · 3^1 · 1367,1367,False,c|c,0,1,-1,-1,"L=0, S=1",charmonium,CHARMONIUM
psi(4415)0,9020443,0,4415.0,5.0,110.0,13.0,0,8640,4415.030894304,0.0006997577349933778,2^6 · 3^3 · 5,5,False,c|c,0,1,-1,-1,"L=0, S=1",charmonium,CHARMONIUM
eta(b)(1S)0,551,0,9398.7,2.0,10.0,5.0,0,18393,9398.803615617298,0.00110244626701237,2^0 · 3^1 · 6131,6131,False,u|d|s,0,0,-1,1,"L=0, S=0",meson_pseudoscalar,PSEUDOSCALAR
Upsilon(1S)0,553,0,9460.4,0.1,0.054,0.0013,0,18514,9460.634488095398,0.0024786277049466624,2^1 · 3^0 · 9257,9257,False,b|b,0,1,-1,-1,"L=0, S=1",bottomonium,BOTTOMONIUM
chi(b0)(1P)0,10551,0,9859.400000000001,0.5,0.0,0.0,1,19294,9859.2136660534,0.0018899116234429585,2^1 · 3^0 · 9647,9647,False,b|b,0,1,1,1,"L=1, S=1",bottomonium,BOTTOMONIUM
chi(b1)(1P)0,20553,0,9892.8,0.4,0.0,0.0,1,19360,9892.939596495999,0.0014110918647833297,2^5 · 3^0 · 605,605,False,b|b,0,1,1,1,"L=1, S=1",bottomonium,BOTTOMONIUM
h(b)(1P)0,10553,0,9899.300000000001,0.8,0.0,0.0,1,19372,9899.0715838492,0.0023073969957615403,2^2 · 3^0 · 4843,4843,False,b|b,0,1,1,-1,"L=1, S=0",bottomonium,BOTTOMONIUM
chi(b2)(1P)0,555,0,9912.2,0.4,0.0,0.0,1,19398,9912.3575564478,0.0015895204676956139,2^1 · 3^1 · 3233,3233,False,b|b,0,1,1,1,"L=1, S=1",bottomonium,BOTTOMONIUM
Upsilon(2S)0,100553,0,10023.4,0.5,0.032,0.0026,0,19615,10023.2443277515,0.0015530882584771193,19615,19615,False,b|b,0,1,-1,-1,"L=0, S=1",bottomonium,BOTTOMONIUM
Upsilon(2)(1D)0,20555,0,10163.7,1.4,0.0,0.0,1,19890,10163.769037929,0.0006792598069504538,2^1 · 3^2 · 1105,1105,False,b|b,0,1,-1,-1,"L=0, S=1",bottomonium,BOTTOMONIUM
chi(b0)(2P)0,110551,0,10232.5,0.6,0.0,0.0,1,20025,10232.753895652499,0.002481267065708413,2^0 · 3^2 · 2225,2225,False,b|b,0,1,1,1,"L=1, S=1",bottomonium,BOTTOMONIUM
chi(b1)(2P)0,120553,0,10255.5,0.5,0.0,0.0,1,20070,10255.748848227,0.0024264855638443093,2^1 · 3^2 · 1115,1115,False,b|b,0,1,1,1,"L=1, S=1",bottomonium,BOTTOMONIUM
h(b)(2P)0,110553,0,10259.800000000001,1.2,0.0,0.0,1,20078,10259.836839795798,0.0003590693366077065,2^1 · 3^0 · 10039,10039,False,b|b,0,1,1,-1,"L=1, S=0",bottomonium,BOTTOMONIUM
chi(b2)(2P)0,100555,0,10268.599999999999,0.5,0.0,0.0,1,20095,10268.523821879498,0.0007418549802321357,20095,20095,False,b|b,0,1,1,1,"L=1, S=1",bottomonium,BOTTOMONIUM
Upsilon(3S)0,200553,0,10355.1,0.5,0.0203,0.0019,0,20264,10354.8826437704,0.0020990258867720915,2^3 · 3^0 · 2533,2533,False,b|b,0,1,-1,-1,"L=0, S=1",bottomonium,BOTTOMONIUM
chi(b1)(3P)0,220553,0,10513.400000000001,0.7,0.0,0.0,1,20574,10513.2923170614,0.0010242446649229632,2^1 · 3^4 · 127,127,False,b|b,0,1,1,1,"L=1, S=1",bottomonium,BOTTOMONIUM
chi(b2)(3P)0,200555,0,10524.0,0.8,0.0,0.0,1,20595,10524.023294929499,0.00022135052735329795,2^0 · 3^1 · 6865,6865,False,b|b,0,1,1,1,"L=1, S=1",bottomonium,BOTTOMONIUM
Upsilon(4S)0,300553,0,10579.4,1.2,20.5,2.5,0,20703,10579.2111811083,0.0017847788315033572,2^0 · 3^1 · 6901,6901,False,b|b,0,1,-1,-1,"L=0, S=1",bottomonium,BOTTOMONIUM
Upsilon(10860)0,9000553,0,10885.199999999999,2.1,37.0,4.0,0,21302,10885.299549822199,0.0009145428857536895,2^1 · 3^0 · 10651,10651,False,b|b,0,1,-1,-1,"L=0, S=1",bottomonium,BOTTOMONIUM
Upsilon(11020)0,9010553,0,11000.0,4.0,24.0,8.0,0,21526,10999.7633137486,0.0021516931945536103,2^1 · 3^0 · 10763,10763,False,b|b,0,1,-1,-1,"L=0, S=1",bottomonium,BOTTOMONIUM
p+,2212,+,938.2720894299999,2.9e-07,0.0,0.0,1,1836,938.1940650395999,0.008315753103927426,2^2 · 3^3 · 17,17,False,u|u|d,0.5,0.5,1,,Octeto,baryon_octet,BARYON
n0,2112,0,939.5654219,5.000000000000001e-07,7.494e-25,4.0000000000000003e-28,1,1839,939.7270618778999,0.01720369589304499,2^0 · 3^1 · 613,613,False,u|d|d,0.5,0.5,1,,Octeto,baryon_octet,BARYON
N(1440)0,12112,0,1440.0,30.0,350.0,100.0,0,2818,1439.9950301098,0.0003451312638939422,2^1 · 3^0 · 1409,1409,False,u|u|d,0.5,0.5,1,,Excited,baryon_octet,RESONANCE
N(1440)+,12212,+,1440.0,30.0,350.0,100.0,0,2818,1439.9950301098,0.0003451312638939422,2^1 · 3^0 · 1409,1409,False,u|u|d,0.5,0.5,1,,Excited,baryon_octet,RESONANCE
N(1520)0,1214,0,1515.0,5.0,110.0,10.0,0,2965,1515.1118751865,0.007384500759069389,2965,2965,False,u|u|d,0.5,0.5,1,,Excited,baryon_octet,RESONANCE
N(1520)+,2124,+,1515.0,5.0,110.0,10.0,0,2965,1515.1118751865,0.007384500759069389,2965,2965,False,u|u|d,0.5,0.5,1,,Excited,baryon_octet,RESONANCE
N(1535)0,22112,0,1530.0,15.0,150.0,25.0,0,2994,1529.9308446234,0.004519959254906223,2^1 · 3^1 · 499,499,False,u|u|d,0.5,0.5,1,,Excited,baryon_octet,RESONANCE
N(1535)+,22212,+,1530.0,15.0,150.0,25.0,0,2994,1529.9308446234,0.004519959254906223,2^1 · 3^1 · 499,499,False,u|u|d,0.5,0.5,1,,Excited,baryon_octet,RESONANCE
N(1650)0,32112,0,1650.0,15.0,125.0,25.0,0,3229,1650.0155969568998,0.0009452701151393271,3229,3229,False,u|u|d,0.5,0.5,1,,Excited,baryon_octet,RESONANCE
N(1650)+,32212,+,1650.0,15.0,125.0,25.0,0,3229,1650.0155969568998,0.0009452701151393271,3229,3229,False,u|u|d,0.5,0.5,1,,Excited,baryon_octet,RESONANCE
N(1675)0,2116,0,1675.0,7.5,145.0,15.0,0,3278,1675.0545453158,0.003256436764175631,2^1 · 3^0 · 1639,1639,False,u|u|d,0.5,0.5,1,,Excited,baryon_octet,RESONANCE
N(1675)+,2216,+,1675.0,7.5,145.0,15.0,0,3278,1675.0545453158,0.003256436764175631,2^1 · 3^0 · 1639,1639,False,u|u|d,0.5,0.5,1,,Excited,baryon_octet,RESONANCE
N(1680)0,12116,0,1685.0,5.0,120.0,10.0,0,3297,1684.7635252916998,0.014034107317518875,2^0 · 3^1 · 1099,1099,False,u|u|d,0.5,0.5,1,,Excited,baryon_octet,RESONANCE
N(1680)+,12216,+,1685.0,5.0,120.0,10.0,0,3297,1684.7635252916998,0.014034107317518875,2^0 · 3^1 · 1099,1099,False,u|u|d,0.5,0.5,1,,Excited,baryon_octet,RESONANCE
N(1700)0,21214,0,1720.0,75.0,200.0,100.0,0,3366,1720.0224525725998,0.001305382127897204,2^1 · 3^2 · 187,187,False,u|u|d,0.5,0.5,1,,Excited,baryon_octet,RESONANCE
N(1700)+,22124,+,1720.0,75.0,200.0,100.0,0,3366,1720.0224525725998,0.001305382127897204,2^1 · 3^2 · 187,187,False,u|u|d,0.5,0.5,1,,Excited,baryon_octet,RESONANCE
N(1710)0,42112,0,1710.0,30.0,140.0,60.0,0,3346,1709.8024736506,0.011551248502926905,2^1 · 3^0 · 1673,1673,False,u|u|d,0.5,0.5,1,,Excited,baryon_octet,RESONANCE
N(1710)+,42212,+,1710.0,30.0,140.0,60.0,0,3346,1709.8024736506,0.011551248502926905,2^1 · 3^0 · 1673,1673,False,u|u|d,0.5,0.5,1,,Excited,baryon_octet,RESONANCE
N(1720)0,31214,0,1720.0,35.0,250.0,150.0,0,3366,1720.0224525725998,0.001305382127897204,2^1 · 3^2 · 187,187,False,u|u|d,0.5,0.5,1,,Excited,baryon_octet,RESONANCE
N(1720)+,32124,+,1720.0,35.0,250.0,150.0,0,3366,1720.0224525725998,0.001305382127897204,2^1 · 3^2 · 187,187,False,u|u|d,0.5,0.5,1,,Excited,baryon_octet,RESONANCE
N(2190)0,1218,0,2180.0,40.0,400.0,100.0,0,4266,2179.9215040626,0.003600731073395455,2^1 · 3^3 · 79,79,False,u|u|d,0.5,0.5,1,,Excited,baryon_octet,RESONANCE
N(2190)+,2128,+,2180.0,40.0,400.0,100.0,0,4266,2179.9215040626,0.003600731073395455,2^1 · 3^3 · 79,79,False,u|u|d,0.5,0.5,1,,Excited,baryon_octet,RESONANCE
Delta(1232)-,1114,-,1232.0,2.0,117.0,3.0,0,2411,1232.0184590471,0.0014982992775889239,2411,2411,False,u|d|u/d,1.5,1.5,1,,Decuplete,baryon_decuplet,RESONANCE
Delta(1232)0,2114,0,1232.0,2.0,117.0,3.0,0,2411,1232.0184590471,0.0014982992775889239,2411,2411,False,u|d|u/d,1.5,1.5,1,,Decuplete,baryon_decuplet,RESONANCE
Delta(1232)+,2214,+,1232.0,2.0,117.0,3.0,0,2411,1232.0184590471,0.0014982992775889239,2411,2411,False,u|d|u/d,1.5,1.5,1,,Decuplete,baryon_decuplet,RESONANCE
Delta(1232)++,2224,++,1232.0,2.0,117.0,3.0,0,2411,1232.0184590471,0.0014982992775889239,2411,2411,False,u|d|u/d,1.5,1.5,1,,Decuplete,baryon_decuplet,RESONANCE
Delta(1600)-,31114,-,1570.0,70.0,250.0,50.0,0,3072,1569.7887624191999,0.013454622980899115,2^10 · 3^1,1,True,u|d|u/d,1.5,1.5,1,,Decuplete,baryon_decuplet,RESONANCE
Delta(1600)0,32114,0,1570.0,70.0,250.0,50.0,0,3072,1569.7887624191999,0.013454622980899115,2^10 · 3^1,1,True,u|d|u/d,1.5,1.5,1,,Decuplete,baryon_decuplet,RESONANCE
Delta(1600)+,32214,+,1570.0,70.0,250.0,50.0,0,3072,1569.7887624191999,0.013454622980899115,2^10 · 3^1,1,True,u|d|u/d,1.5,1.5,1,,Decuplete,baryon_decuplet,RESONANCE
Delta(1600)++,32224,++,1570.0,70.0,250.0,50.0,0,3072,1569.7887624191999,0.013454622980899115,2^10 · 3^1,1,True,u|d|u/d,1.5,1.5,1,,Decuplete,baryon_decuplet,RESONANCE
Delta(1620)-,1112,-,1610.0,20.0,130.0,20.0,0,3151,1610.1576791610998,0.009793736714276385,3151,3151,False,u|d|u/d,1.5,1.5,1,,Decuplete,baryon_decuplet,RESONANCE
Delta(1620)0,1212,0,1610.0,20.0,130.0,20.0,0,3151,1610.1576791610998,0.009793736714276385,3151,3151,False,u|d|u/d,1.5,1.5,1,,Decuplete,baryon_decuplet,RESONANCE
Delta(1620)+,2122,+,1610.0,20.0,130.0,20.0,0,3151,1610.1576791610998,0.009793736714276385,3151,3151,False,u|d|u/d,1.5,1.5,1,,Decuplete,baryon_decuplet,RESONANCE
Delta(1620)++,2222,++,1610.0,20.0,130.0,20.0,0,3151,1610.1576791610998,0.009793736714276385,3151,3151,False,u|d|u/d,1.5,1.5,1,,Decuplete,baryon_decuplet,RESONANCE
Delta(1700)-,11114,-,1710.0,20.0,300.0,80.0,0,3346,1709.8024736506,0.011551248502926905,2^1 · 3^0 · 1673,1673,False,u|d|u/d,1.5,1.5,1,,Decuplete,baryon_decuplet,RESONANCE
Delta(1700)0,12114,0,1710.0,20.0,300.0,80.0,0,3346,1709.8024736506,0.011551248502926905,2^1 · 3^0 · 1673,1673,False,u|d|u/d,1.5,1.5,1,,Decuplete,baryon_decuplet,RESONANCE
Delta(1700)+,12214,+,1710.0,20.0,300.0,80.0,0,3346,1709.8024736506,0.011551248502926905,2^1 · 3^0 · 1673,1673,False,u|d|u/d,1.5,1.5,1,,Decuplete,baryon_decuplet,RESONANCE
Delta(1700)++,12224,++,1710.0,20.0,300.0,80.0,0,3346,1709.8024736506,0.011551248502926905,2^1 · 3^0 · 1673,1673,False,u|d|u/d,1.5,1.5,1,,Decuplete,baryon_decuplet,RESONANCE
Delta(1900)-,11112,-,1860.0,40.0,250.0,70.0,0,3640,1860.036163804,0.0019442905376289214,2^3 · 3^0 · 455,455,False,u|d|u/d,1.5,1.5,1,,Decuplete,baryon_decuplet,RESONANCE
Delta(1900)0,11212,0,1860.0,40.0,250.0,70.0,0,3640,1860.036163804,0.0019442905376289214,2^3 · 3^0 · 455,455,False,u|d|u/d,1.5,1.5,1,,Decuplete,baryon_decuplet,RESONANCE
Delta(1900)+,12122,+,1860.0,40.0,250.0,70.0,0,3640,1860.036163804,0.0019442905376289214,2^3 · 3^0 · 455,455,False,u|d|u/d,1.5,1.5,1,,Decuplete,baryon_decuplet,RESONANCE
Delta(1900)++,12222,++,1860.0,40.0,250.0,70.0,0,3640,1860.036163804,0.0019442905376289214,2^3 · 3^0 · 455,455,False,u|d|u/d,1.5,1.5,1,,Decuplete,baryon_decuplet,RESONANCE
Delta(1905)-,1116,-,1880.0,27.5,330.0,70.0,0,3679,1879.9651227018999,0.001855175430857847,3679,3679,False,u|d|u/d,1.5,1.5,1,,Decuplete,baryon_decuplet,RESONANCE
Delta(1905)0,1216,0,1880.0,27.5,330.0,70.0,0,3679,1879.9651227018999,0.001855175430857847,3679,3679,False,u|d|u/d,1.5,1.5,1,,Decuplete,baryon_decuplet,RESONANCE
Delta(1905)+,2126,+,1880.0,27.5,330.0,70.0,0,3679,1879.9651227018999,0.001855175430857847,3679,3679,False,u|d|u/d,1.5,1.5,1,,Decuplete,baryon_decuplet,RESONANCE
Delta(1905)++,2226,++,1880.0,27.5,330.0,70.0,0,3679,1879.9651227018999,0.001855175430857847,3679,3679,False,u|d|u/d,1.5,1.5,1,,Decuplete,baryon_decuplet,RESONANCE
Delta(1910)-,21112,-,1900.0,50.0,300.0,100.0,0,3718,1899.8940815997998,0.005574652642113314,2^1 · 3^0 · 1859,1859,False,u|d|u/d,1.5,1.5,1,,Decuplete,baryon_decuplet,RESONANCE
Delta(1910)0,21212,0,1900.0,50.0,300.0,100.0,0,3718,1899.8940815997998,0.005574652642113314,2^1 · 3^0 · 1859,1859,False,u|d|u/d,1.5,1.5,1,,Decuplete,baryon_decuplet,RESONANCE
Delta(1910)+,22122,+,1900.0,50.0,300.0,100.0,0,3718,1899.8940815997998,0.005574652642113314,2^1 · 3^0 · 1859,1859,False,u|d|u/d,1.5,1.5,1,,Decuplete,baryon_decuplet,RESONANCE
Delta(1910)++,22222,++,1900.0,50.0,300.0,100.0,0,3718,1899.8940815997998,0.005574652642113314,2^1 · 3^0 · 1859,1859,False,u|d|u/d,1.5,1.5,1,,Decuplete,baryon_decuplet,RESONANCE
Delta(1920)-,21114,-,1920.0,50.0,300.0,60.0,0,3757,1919.8230404976998,0.00921664074480096,3757,3757,False,u|d|u/d,1.5,1.5,1,,Decuplete,baryon_decuplet,RESONANCE
Delta(1920)0,22114,0,1920.0,50.0,300.0,60.0,0,3757,1919.8230404976998,0.00921664074480096,3757,3757,False,u|d|u/d,1.5,1.5,1,,Decuplete,baryon_decuplet,RESONANCE
Delta(1920)+,22214,+,1920.0,50.0,300.0,60.0,0,3757,1919.8230404976998,0.00921664074480096,3757,3757,False,u|d|u/d,1.5,1.5,1,,Decuplete,baryon_decuplet,RESONANCE
Delta(1920)++,22224,++,1920.0,50.0,300.0,60.0,0,3757,1919.8230404976998,0.00921664074480096,3757,3757,False,u|d|u/d,1.5,1.5,1,,Decuplete,baryon_decuplet,RESONANCE
Delta(1930)-,11116,-,1950.0,50.0,300.0,100.0,0,3816,1949.9719783176,0.0014370093538510003,2^3 · 3^2 · 53,53,False,u|d|u/d,1.5,1.5,1,,Decuplete,baryon_decuplet,RESONANCE
Delta(1930)0,11216,0,1950.0,50.0,300.0,100.0,0,3816,1949.9719783176,0.0014370093538510003,2^3 · 3^2 · 53,53,False,u|d|u/d,1.5,1.5,1,,Decuplete,baryon_decuplet,RESONANCE
Delta(1930)+,12126,+,1950.0,50.0,300.0,100.0,0,3816,1949.9719783176,0.0014370093538510003,2^3 · 3^2 · 53,53,False,u|d|u/d,1.5,1.5,1,,Decuplete,baryon_decuplet,RESONANCE
Delta(1930)++,12226,++,1950.0,50.0,300.0,100.0,0,3816,1949.9719783176,0.0014370093538510003,2^3 · 3^2 · 53,53,False,u|d|u/d,1.5,1.5,1,,Decuplete,baryon_decuplet,RESONANCE
Delta(1950)-,1118,-,1930.0,17.5,280.0,50.0,0,3777,1930.0430194197,0.0022289854766803603,2^0 · 3^1 · 1259,1259,False,u|d|u/d,1.5,1.5,1,,Decuplete,baryon_decuplet,RESONANCE
Delta(1950)0,2118,0,1930.0,17.5,280.0,50.0,0,3777,1930.0430194197,0.0022289854766803603,2^0 · 3^1 · 1259,1259,False,u|d|u/d,1.5,1.5,1,,Decuplete,baryon_decuplet,RESONANCE
Delta(1950)+,2218,+,1930.0,17.5,280.0,50.0,0,3777,1930.0430194197,0.0022289854766803603,2^0 · 3^1 · 1259,1259,False,u|d|u/d,1.5,1.5,1,,Decuplete,baryon_decuplet,RESONANCE
Delta(1950)++,2228,++,1930.0,17.5,280.0,50.0,0,3777,1930.0430194197,0.0022289854766803603,2^0 · 3^1 · 1259,1259,False,u|d|u/d,1.5,1.5,1,,Decuplete,baryon_decuplet,RESONANCE
Lambda0,3122,0,1115.683,0.006,2.515e-12,1e-14,1,2183,1115.5106993363,0.015443514304696836,2183,2183,False,u|d|s,0,0.5,1,,Octeto,baryon_octet,BARYON
Lambda(1405)0,13122,0,1405.1,1.15,50.5,2.0,0,2750,1405.247101775,0.010469132090243407,2^1 · 3^0 · 1375,1375,False,u|d|s,0,0.5,1,,Octeto,baryon_octet,BARYON
Lambda(1520)0,3124,0,1519.0,1.0,16.0,1.0,0,2973,1519.1998667552998,0.013157785075695101,2^0 · 3^1 · 991,991,False,u|d|s,0,0.5,1,,Octeto,baryon_octet,BARYON
Lambda(1600)0,23122,0,1600.0,30.0,200.0,50.0,0,3131,1599.9377002391,0.0038937350562520123,3131,3131,False,u|d|s,0,0.5,1,,Octeto,baryon_octet,BARYON
Lambda(1670)0,33122,0,1674.0,4.0,30.0,5.0,0,3276,1674.0325474236,0.0019442905376289214,2^2 · 3^2 · 91,91,False,u|d|s,0,0.5,1,,Octeto,baryon_octet,BARYON
Lambda(1690)0,13124,0,1690.0,5.0,70.0,10.0,0,3307,1689.8735147527,0.007484334159764771,3307,3307,False,u|d|s,0,0.5,1,,Octeto,baryon_octet,BARYON
Lambda(1800)0,43122,0,1800.0,50.0,200.0,50.0,0,3523,1800.2492871103,0.013849283905554129,3523,3523,False,u|d|s,0,0.5,1,,Octeto,baryon_octet,BARYON
Lambda(1810)0,53122,0,1790.0,50.0,110.0,60.0,0,3503,1790.0293081882999,0.0016373289552997162,3503,3503,False,u|d|s,0,0.5,1,,Octeto,baryon_octet,BARYON
Lambda(1820)0,3126,0,1820.0,5.0,80.0,10.0,0,3562,1820.1782460082,0.009793736714282903,2^1 · 3^0 · 1781,1781,False,u|d|s,0,0.5,1,,Octeto,baryon_octet,BARYON
Lambda(1830)0,13126,0,1825.0,5.0,90.0,30.0,0,3571,1824.7772365230999,0.012206217912335726,3571,3571,False,u|d|s,0,0.5,1,,Octeto,baryon_octet,BARYON
Lambda(1890)0,23124,0,1890.0,20.0,120.0,40.0,0,3699,1890.1851016238998,0.009793736714272723,2^0 · 3^3 · 137,137,False,u|d|s,0,0.5,1,,Octeto,baryon_octet,BARYON
Lambda(2100)0,3128,0,2100.0,10.0,200.0,50.0,0,4110,2100.2056684709996,0.009793736714267911,2^1 · 3^1 · 685,685,False,u|d|s,0,0.5,1,,Octeto,baryon_octet,BARYON
Lambda(2110)0,23126,0,2090.0,40.0,250.0,50.0,0,4090,2089.9856895489997,0.0006847105741749212,2^1 · 3^0 · 2045,2045,False,u|d|s,0,0.5,1,,Octeto,baryon_octet,BARYON
Sigma+,3222,+,1189.3700000000001,0.06999999999999999,8.209000000000001e-12,2.7000000000000002e-14,1,2328,1189.6055465207999,0.01980430991194868,2^3 · 3^1 · 97,97,False,u|d|s,1,0.5,1,,Octeto/Decuplete,baryon_octet,BARYON
Sigma0,3212,0,1192.642,0.024,0.0089,0.0009,0,2334,1192.6715401974,0.0024768704607007414,2^1 · 3^1 · 389,389,False,u|d|s,1,0.5,1,,Octeto/Decuplete,baryon_octet,BARYON
Sigma-,3112,-,1197.449,0.029,4.45e-12,3.2e-14,1,2343,1197.2705307123,0.014904124325978112,2^0 · 3^1 · 781,781,False,u|d|s,1,0.5,1,,Octeto/Decuplete,baryon_octet,BARYON
Sigma(1385)-,3114,-,1387.2,0.5,39.4,2.1,0,2715,1387.3621386614998,0.011688196474894686,2^0 · 3^1 · 905,905,False,u|d|s,1,0.5,1,,Octeto/Decuplete,baryon_octet,BARYON
Sigma(1385)0,3214,0,1383.8,0.9,44.0,8.0,0,2708,1383.7851460388,0.0010734182107284608,2^2 · 3^0 · 677,677,False,u|d|s,1,0.5,1,,Octeto/Decuplete,baryon_octet,BARYON
Sigma(1385)+,3224,+,1382.83,0.34,36.2,0.7,0,2706,1382.7631481465999,0.004834423132277057,2^1 · 3^1 · 451,451,False,u|d|s,1,0.5,1,,Octeto/Decuplete,baryon_octet,BARYON
Sigma(1660)-,13112,-,1660.0,20.0,200.0,100.0,0,3249,1660.2355758789,0.014191318006018569,2^0 · 3^2 · 361,361,False,u|d|s,1,0.5,1,,Octeto/Decuplete,baryon_octet,BARYON
Sigma(1660)0,13212,0,1660.0,20.0,200.0,100.0,0,3249,1660.2355758789,0.014191318006018569,2^0 · 3^2 · 361,361,False,u|d|s,1,0.5,1,,Octeto/Decuplete,baryon_octet,BARYON
Sigma(1660)+,13222,+,1660.0,20.0,200.0,100.0,0,3249,1660.2355758789,0.014191318006018569,2^0 · 3^2 · 361,361,False,u|d|s,1,0.5,1,,Octeto/Decuplete,baryon_octet,BARYON
Sigma(1670)-,13114,-,1675.0,10.0,70.0,30.0,0,3278,1675.0545453158,0.003256436764175631,2^1 · 3^0 · 1639,1639,False,u|d|s,1,0.5,1,,Octeto/Decuplete,baryon_octet,BARYON
Sigma(1670)0,13214,0,1675.0,10.0,70.0,30.0,0,3278,1675.0545453158,0.003256436764175631,2^1 · 3^0 · 1639,1639,False,u|d|s,1,0.5,1,,Octeto/Decuplete,baryon_octet,BARYON
Sigma(1670)+,13224,+,1675.0,10.0,70.0,30.0,0,3278,1675.0545453158,0.003256436764175631,2^1 · 3^0 · 1639,1639,False,u|d|s,1,0.5,1,,Octeto/Decuplete,baryon_octet,BARYON
Sigma(1750)-,23112,-,1750.0,50.0,150.0,50.0,0,3425,1750.1713903925,0.009793736714280904,3425,3425,False,u|d|s,1,0.5,1,,Octeto/Decuplete,baryon_octet,BARYON
Sigma(1750)0,23212,0,1750.0,50.0,150.0,50.0,0,3425,1750.1713903925,0.009793736714280904,3425,3425,False,u|d|s,1,0.5,1,,Octeto/Decuplete,baryon_octet,BARYON
Sigma(1750)+,23222,+,1750.0,50.0,150.0,50.0,0,3425,1750.1713903925,0.009793736714280904,3425,3425,False,u|d|s,1,0.5,1,,Octeto/Decuplete,baryon_octet,BARYON
Sigma(1775)-,3116,-,1775.0,5.0,120.0,15.0,0,3474,1775.2103387513998,0.011850070501398951,2^1 · 3^2 · 193,193,False,u|d|s,1,0.5,1,,Octeto/Decuplete,baryon_octet,BARYON
Sigma(1775)0,3216,0,1775.0,5.0,120.0,15.0,0,3474,1775.2103387513998,0.011850070501398951,2^1 · 3^2 · 193,193,False,u|d|s,1,0.5,1,,Octeto/Decuplete,baryon_octet,BARYON
Sigma(1775)+,3226,+,1775.0,5.0,120.0,15.0,0,3474,1775.2103387513998,0.011850070501398951,2^1 · 3^2 · 193,193,False,u|d|s,1,0.5,1,,Octeto/Decuplete,baryon_octet,BARYON
Sigma(1910)-,23114,-,1910.0,40.0,220.0,80.0,0,3738,1910.1140605218,0.005971755068060545,2^1 · 3^1 · 623,623,False,u|d|s,1,0.5,1,,Octeto/Decuplete,baryon_octet,BARYON
Sigma(1910)0,23214,0,1910.0,40.0,220.0,80.0,0,3738,1910.1140605218,0.005971755068060545,2^1 · 3^1 · 623,623,False,u|d|s,1,0.5,1,,Octeto/Decuplete,baryon_octet,BARYON
Sigma(1910)+,23224,+,1910.0,40.0,220.0,80.0,0,3738,1910.1140605218,0.005971755068060545,2^1 · 3^1 · 623,623,False,u|d|s,1,0.5,1,,Octeto/Decuplete,baryon_octet,BARYON
Sigma(1915)-,13116,-,1915.0,17.5,120.0,40.0,0,3748,1915.2240499828,0.011699738005216575,2^2 · 3^0 · 937,937,False,u|d|s,1,0.5,1,,Octeto/Decuplete,baryon_octet,BARYON
Sigma(1915)0,13216,0,1915.0,17.5,120.0,40.0,0,3748,1915.2240499828,0.011699738005216575,2^2 · 3^0 · 937,937,False,u|d|s,1,0.5,1,,Octeto/Decuplete,baryon_octet,BARYON
Sigma(1915)+,13226,+,1915.0,17.5,120.0,40.0,0,3748,1915.2240499828,0.011699738005216575,2^2 · 3^0 · 937,937,False,u|d|s,1,0.5,1,,Octeto/Decuplete,baryon_octet,BARYON
Sigma(2030)-,3118,-,2029.9999999999998,7.5,180.0,20.0,0,3973,2030.1988128552998,0.009793736714288074,3973,3973,False,u|d|s,1,0.5,1,,Octeto/Decuplete,baryon_octet,BARYON
Sigma(2030)0,3218,0,2029.9999999999998,7.5,180.0,20.0,0,3973,2030.1988128552998,0.009793736714288074,3973,3973,False,u|d|s,1,0.5,1,,Octeto/Decuplete,baryon_octet,BARYON
Sigma(2030)+,3228,+,2029.9999999999998,7.5,180.0,20.0,0,3973,2030.1988128552998,0.009793736714288074,3973,3973,False,u|d|s,1,0.5,1,,Octeto/Decuplete,baryon_octet,BARYON
Xi0,3322,0,1314.86,0.2,2.27e-12,7e-14,1,2573,1314.8002883153,0.004541296008700942,2573,2573,False,u|s|s,0.5,0.5,1,,Octeto/Decuplete,baryon_octet,BARYON
Xi-,3312,-,1321.71,0.06999999999999999,4.02e-12,4e-14,1,2587,1321.9542735607,0.01848163066783687,2587,2587,False,u|s|s,0.5,0.5,1,,Octeto/Decuplete,baryon_octet,BARYON
Xi(1530)-,3314,-,1535.0,0.6,9.9,1.7,0,3004,1535.0408340843999,0.0026602009381026573,2^2 · 3^0 · 751,751,False,u|s|s,0.5,0.5,1,,Octeto/Decuplete,baryon_octet,BARYON
Xi(1530)0,3324,0,1531.8,0.32,9.1,0.5,0,2998,1531.9748404077998,0.011414049340633258,2^1 · 3^0 · 1499,1499,False,u|s|s,0.5,0.5,1,,Octeto/Decuplete,baryon_octet,BARYON
Xi(1690)-,203312,-,1690.0,10.0,20.0,15.0,0,3307,1689.8735147527,0.007484334159764771,3307,3307,False,u|s|s,0.5,0.5,1,,Octeto/Decuplete,baryon_octet,BARYON
Xi(1690)0,203322,0,1690.0,10.0,20.0,15.0,0,3307,1689.8735147527,0.007484334159764771,3307,3307,False,u|s|s,0.5,0.5,1,,Octeto/Decuplete,baryon_octet,BARYON
Xi(1820)-,13314,-,1823.0,5.0,24.0,15.0,0,3568,1823.2442396847998,0.013397678815130142,2^4 · 3^0 · 223,223,False,u|s|s,0.5,0.5,1,,Octeto/Decuplete,baryon_octet,BARYON
Xi(1820)0,13324,0,1823.0,5.0,24.0,15.0,0,3568,1823.2442396847998,0.013397678815130142,2^4 · 3^0 · 223,223,False,u|s|s,0.5,0.5,1,,Octeto/Decuplete,baryon_octet,BARYON
Xi(1950)-,103316,-,1950.0,15.0,60.0,20.0,0,3816,1949.9719783176,0.0014370093538510003,2^3 · 3^2 · 53,53,False,u|s|s,0.5,0.5,1,,Octeto/Decuplete,baryon_octet,BARYON
Xi(1950)0,103326,0,1950.0,15.0,60.0,20.0,0,3816,1949.9719783176,0.0014370093538510003,2^3 · 3^2 · 53,53,False,u|s|s,0.5,0.5,1,,Octeto/Decuplete,baryon_octet,BARYON
Xi(2030)-,203316,-,2025.0,5.0,20.0,15.0,0,3963,2025.0888233942999,0.004386340459253309,2^0 · 3^1 · 1321,1321,False,u|s|s,0.5,0.5,1,,Octeto/Decuplete,baryon_octet,BARYON
Xi(2030)0,203326,0,2025.0,5.0,20.0,15.0,0,3963,2025.0888233942999,0.004386340459253309,2^0 · 3^1 · 1321,1321,False,u|s|s,0.5,0.5,1,,Octeto/Decuplete,baryon_octet,BARYON
Omega-,3334,-,1672.45,0.29,8.02e-12,1e-13,1,3273,1672.4995505852999,0.002962754360358286,2^0 · 3^1 · 1091,1091,False,s|s|s,0,1.5,1,,Decuplete,baryon_decuplet,BARYON
Omega(2250)-,203338,-,2252.0,9.0,55.0,18.0,0,4407,2251.9723554627,0.0012275549422801034,2^0 · 3^1 · 1469,1469,False,s|s|s,0,1.5,1,,Decuplete,baryon_decuplet,BARYON
Lambda(c)+,4122,+,2286.46,0.13999999999999999,3.248e-09,1.5e-11,1,4474,2286.2092848514,0.010965210351381307,2^1 · 3^0 · 2237,2237,False,u|d|c,0,0.5,1,,Ground/Excited,charmed_baryon,CHARMED_BARYON
Lambda(c)(2595)+,14122,+,2592.25,0.27999999999999997,2.6,0.6,0,5073,2592.2976535652997,0.00183830900953601,2^0 · 3^1 · 1691,1691,False,u|d|c,0,0.5,1,,Ground/Excited,charmed_baryon,CHARMED_BARYON
Lambda(c)(2625)+,104122,+,2628.0,0.15,0.0,0.0,1,5143,2628.0675797923,0.002571529387365539,5143,5143,False,u|d|c,0,0.5,1,,Ground/Excited,charmed_baryon,CHARMED_BARYON
Lambda(c)(2880)+,204126,+,2881.63,0.24000000000000002,5.6,0.8,0,5639,2881.5230570578997,0.00371119616676782,5639,5639,False,u|d|c,0,0.5,1,,Ground/Excited,charmed_baryon,CHARMED_BARYON
Sigma(c)(2455)0,4112,0,2453.75,0.13999999999999999,1.83,0.11,0,4802,2453.8169391722,0.002728035545589774,2^1 · 3^0 · 2401,2401,False,u|d|c,1,0.5,1,,Ground/Excited,charmed_baryon,CHARMED_BARYON
Sigma(c)(2455)+,4212,+,2452.65,0.19,2.3,0.4,0,4800,2452.79494128,0.005909578619035918,2^6 · 3^1 · 25,25,False,u|d|c,1,0.5,1,,Ground/Excited,charmed_baryon,CHARMED_BARYON
Sigma(c)(2455)++,4222,++,2453.97,0.13999999999999999,1.89,0.09000000000000001,0,4802,2453.8169391722,0.0062372737971487366,2^1 · 3^0 · 2401,2401,False,u|d|c,1,0.5,1,,Ground/Excited,charmed_baryon,CHARMED_BARYON
Sigma(c)(2520)0,4114,0,2518.48,0.21000000000000002,15.299999999999999,0.4,0,4929,2518.7138053269,0.00928358878768078,2^0 · 3^1 · 1643,1643,False,u|d|c,1,0.5,1,,Ground/Excited,charmed_baryon,CHARMED_BARYON
Sigma(c)(2520)+,4214,+,2517.3999999999996,0.6,17.2,4.0,0,4926,2517.1808084885997,0.008707059323107691,2^1 · 3^1 · 821,821,False,u|d|c,1,0.5,1,,Ground/Excited,charmed_baryon,CHARMED_BARYON
Sigma(c)(2520)++,4224,++,2518.41,0.22,14.78,0.3,0,4928,2518.2028063807998,0.008227159962043417,2^6 · 3^0 · 77,77,False,u|d|c,1,0.5,1,,Ground/Excited,charmed_baryon,CHARMED_BARYON
Xi(c)+,4232,+,2467.79,0.15,1.453e-09,1.6e-11,1,4829,2467.6139107168997,0.00713550517265578,4829,4829,False,u|s|c,0.5,0.5,1,,Ground/Excited,charmed_baryon,CHARMED_BARYON
Xi(c)0,4132,0,2470.5,0.25,4.39e-09,5e-11,1,4835,2470.6799043935,0.0072821045739640804,4835,4835,False,u|s|c,0.5,0.5,1,,Ground/Excited,charmed_baryon,CHARMED_BARYON
Xi(c)'+,4322,+,2578.3,0.4,0.0,0.0,1,5046,2578.5006820206,0.007783501555278393,2^1 · 3^1 · 841,841,False,u|s|c,0.5,0.5,1,,Ground/Excited,charmed_baryon,CHARMED_BARYON
Xi(c)'0,4312,0,2578.8,0.5,0.0,0.0,1,5047,2579.0116809666997,0.008208506541784252,5047,5047,False,u|s|c,0.5,0.5,1,,Ground/Excited,charmed_baryon,CHARMED_BARYON
Xi(c)(2645)0,4314,0,2646.2400000000002,0.18000000000000002,2.35,0.22,0,5179,2646.4635418518997,0.00844752750693159,5179,5179,False,u|s|c,0.5,0.5,1,,Ground/Excited,charmed_baryon,CHARMED_BARYON
Xi(c)(2645)+,4324,+,2645.1699999999996,0.27,2.14,0.19,0,5176,2644.9305450136,0.009052536751882797,2^3 · 3^0 · 647,647,False,u|s|c,0.5,0.5,1,,Ground/Excited,charmed_baryon,CHARMED_BARYON
Xi(c)(2790)0,104314,0,2794.0,0.5,10.0,1.1,0,5468,2794.1422372747998,0.005090811553319765,2^2 · 3^0 · 1367,1367,False,u|s|c,0.5,0.5,1,,Ground/Excited,charmed_baryon,CHARMED_BARYON
Xi(c)(2790)+,104324,+,2792.0,0.5,8.9,1.0,0,5464,2792.0982414903997,0.003518678022911421,2^3 · 3^0 · 683,683,False,u|s|c,0.5,0.5,1,,Ground/Excited,charmed_baryon,CHARMED_BARYON
Xi(c)(2815)0,104312,0,2819.8500000000004,0.27,2.54,0.25,0,5518,2819.6921845797997,0.0055965891873921364,2^1 · 3^0 · 2759,2759,False,u|s|c,0.5,0.5,1,,Ground/Excited,charmed_baryon,CHARMED_BARYON
Xi(c)(2815)+,104322,+,2816.6000000000004,0.16,2.15,0.15,0,5512,2816.6261909031996,0.0009298765603643325,2^3 · 3^0 · 689,689,False,u|s|c,0.5,0.5,1,,Ground/Excited,charmed_baryon,CHARMED_BARYON
Omega(c)0,4332,0,2695.3,0.4,2.41e-09,9e-11,1,5275,2695.5194406775,0.008141604923375255,5275,5275,False,s|s|c,0,0.5,1,,Ground/Excited,charmed_baryon,CHARMED_BARYON
Omega(c)(2770)0,4334,0,2766.0,0.95,0.0,0.0,1,5413,2766.0372952393,0.001348345600143349,5413,5413,False,s|s|c,0,0.5,1,,Ground/Excited,charmed_baryon,CHARMED_BARYON
Lambda(b)0,5122,0,5619.570000000001,0.16,4.493e-10,2.8e-12,1,10997,5619.455410261699,0.0020391193329955806,10997,10997,False,u|d|b,0,0.5,1,,Ground/Excited,bottom_baryon,BOTTOM_BARYON
Sigma(b)-,5112,-,5815.64,0.27,5.3,0.5,0,11381,5815.6790055640995,0.0006707011455174399,11381,11381,False,u|d|b,1,0.5,1,,Ground/Excited,bottom_baryon,BOTTOM_BARYON
Sigma(b)+,5222,+,5810.5599999999995,0.25,5.0,0.5,0,11371,5810.5690161031,0.00015516754151568093,11371,11371,False,u|d|b,1,0.5,1,,Ground/Excited,bottom_baryon,BOTTOM_BARYON
Sigma(b)*-,5114,-,5834.74,0.3,10.4,0.8,0,11418,5834.5859665698,0.002639936487313715,2^1 · 3^1 · 1903,1903,False,u|d|b,1,0.5,1,,Ground/Excited,bottom_baryon,BOTTOM_BARYON
Sigma(b)*+,5224,+,5830.320000000001,0.27,9.4,0.5,0,11410,5830.497975001,0.0030525768911335966,2^1 · 3^0 · 5705,5705,False,u|d|b,1,0.5,1,,Ground/Excited,bottom_baryon,BOTTOM_BARYON
Xi(b)-,5132,-,5797.0,0.4,4.18e-10,5.9999999999999995e-12,1,11344,5796.7720445584,0.003932300182852997,2^4 · 3^0 · 709,709,False,u|s|b,0.5,0.5,1,,Ground/Excited,bottom_baryon,BOTTOM_BARYON
Xi(b)0,5232,0,5791.7,0.4,4.47e-10,5e-12,1,11334,5791.662055097399,0.0006551600152015728,2^1 · 3^1 · 1889,1889,False,u|s|b,0.5,0.5,1,,Ground/Excited,bottom_baryon,BOTTOM_BARYON
Omega(b)-,5332,-,6045.8,0.8,4e-10,4e-11,1,11831,6045.628531309099,0.002836162143981571,11831,11831,False,s|s|b,0,0.5,1,,Ground/Excited,bottom_baryon,BOTTOM_BARYON
X(3872),9920443,0,3871.65,0,1.2,0,0,7577,3871.8390145996996,0.004882016703459148,7577,7577,False,c|c|u|d,?,?,?,,tetraquark,tetraquark,TETRAQUARK
Z_c(3900),9000391,+,3887.1,0,28.0,0,0,7607,3887.1689829826996,0.0017746644722211513,7607,7607,False,c|c|u|d,?,?,?,,tetraquark,tetraquark,TETRAQUARK
T_cc+,9000441,+,3874.5,0,0.4,0,0,7582,3874.3940093302,0.0027355960717543267,2^1 · 3^0 · 3791,3791,False,c|c|u|d,?,?,?,,tetraquark,tetraquark,TETRAQUARK
X(3915),9000443,0,3918.4,0,20.0,0,0,7668,3918.3399186947995,0.0015333121988715624,2^2 · 3^3 · 71,71,False,c|c|u|d,?,?,?,,tetraquark,tetraquark,TETRAQUARK
X(3940),9000445,0,3942.0,0,37.0,0,0,7714,3941.8458702154,0.003909938726539132,2^1 · 3^0 · 3857,3857,False,c|c|u|d,?,?,?,,tetraquark,tetraquark,TETRAQUARK
X(3960),9000447,0,3956.0,0,43.0,0,0,7742,3956.1538407062,0.0038887943933226528,2^1 · 3^0 · 3871,3871,False,c|c|s|s,?,?,?,,tetraquark,tetraquark,TETRAQUARK
Z_c(4020),9000393,+,4024.1,0,13.0,0,0,7875,4024.1167005374996,0.0004150129842616579,2^0 · 3^2 · 875,875,False,c|c|u|d,?,?,?,,tetraquark,tetraquark,TETRAQUARK
Z_c(4050),9000395,+,4051.0,0,82.0,0,0,7928,4051.1996446808,0.00492828143174013,2^3 · 3^0 · 991,991,False,c|c|u|d,?,?,?,,tetraquark,tetraquark,TETRAQUARK
Y(4140),9000555,0,4146.5,0,19.0,0,0,8114,4146.2454486554,0.006138944763059418,2^1 · 3^0 · 4057,4057,False,c|c|s|s,?,?,?,,tetraquark,tetraquark,TETRAQUARK
Y(4260),9000449,0,4230.0,0,55.0,0,0,8278,4230.0492758158,0.0011649129030679465,2^1 · 3^0 · 4139,4139,False,c|c|u|d,?,?,?,,tetraquark,tetraquark,TETRAQUARK
Y(4360),9000451,0,4380.0,0,78.0,0,0,8571,4379.7719670231,0.005206232349316605,2^0 · 3^1 · 2857,2857,False,c|c|u|d,?,?,?,,tetraquark,tetraquark,TETRAQUARK
Y(4660),9000453,0,4643.0,0,72.0,0,0,9086,4642.9364242646,0.0013692813999626,2^1 · 3^0 · 4543,4543,False,c|c|u|d,?,?,?,,tetraquark,tetraquark,TETRAQUARK
Z_b(10610),9000557,+,10607.0,0,18.0,0,0,20757,10606.8051241977,0.0018372376949267934,2^0 · 3^1 · 6919,6919,False,b|b|u|d,?,?,?,,tetraquark,tetraquark,TETRAQUARK
Z_b(10650),9000559,+,10652.0,0,15.0,0,0,20845,10651.773031454499,0.002130759908948763,20845,20845,False,b|b|u|d,?,?,?,,tetraquark,tetraquark,TETRAQUARK
P_c(4312),9222112,+,4312.1,0,9.8,0,0,8439,4312.3201061378995,0.005104383894138942,2^0 · 3^1 · 2813,2813,False,u|u|d|c|c,?,?,?,,pentaquark,pentaquark,PENTAQUARK
P_c(4380),9222114,+,4380.0,0,100.0,0,0,8571,4379.7719670231,0.005206232349316605,2^0 · 3^1 · 2857,2857,False,u|u|d|c|c,?,?,?,,pentaquark,pentaquark,PENTAQUARK
P_c(4440),9222116,+,4440.3,0,20.6,0,0,8689,4440.0698426629,0.005183373580625996,8689,8689,False,u|u|d|c|c,?,?,?,,pentaquark,pentaquark,PENTAQUARK
P_c(4457),9222118,+,4457.0,0,6.5,0,0,8722,4456.9328078842,0.0015075637379409004,2^1 · 3^0 · 4361,4361,False,u|u|d|c|c,?,?,?,,pentaquark,pentaquark,PENTAQUARK
